rel_depth,layer_pair,d_point,ci_low,ci_high,frac_pos,n_proteins_used,d_boot_mean,d_boot_sd
0%,L0/L0,0.742265726240547,0.4906853479128947,0.6504817740515023,1.0,150,0.5748085675201553,0.04131352949814749
13%,L4/L3,0.06326749850004026,0.02103330304150037,0.09335920288503341,1.0,150,0.054563005469708485,0.01850760281949283
25%,L8/L6,0.22135613321922099,0.06250811725462387,0.27786231884924195,0.999,150,0.16977359664735922,0.055574005817980734
38%,L12/L9,0.2999053551259934,0.11809665855383132,0.3238523343786304,1.0,150,0.22568106254875012,0.05194628565517697
50%,L16/L12,0.3409848849094477,0.13505634956535803,0.36914381594307444,1.0,150,0.25626642411723005,0.05842861788312603
63%,L20/L15,0.2904871022194078,0.09731585589373794,0.3300029509276813,1.0,150,0.21657586812644256,0.05786863255368036
75%,L24/L18,0.17275263830071738,0.03656590822011768,0.2140472629135898,0.997,150,0.12904628766287662,0.044766465890866934
88%,L28/L21,0.2095238720833975,0.11528087718950646,0.22124708958503134,1.0,150,0.1695055340994451,0.02769235804885066
100%,L32/L23,0.42401107162019336,0.28707623093636203,0.3990913561743353,1.0,150,0.34367538659380714,0.028488113341632922
