rel_depth,esm_layer,pg_layer,d_seq_naive_val,d_seq_intertok_val
0%,0,0,2.9378331519166756,-1.778305136613619
25%,8,9,2.407091699189389,-2.017429582647656
50%,16,18,1.6723387324697583,-4.265330675961347
75%,24,27,2.235630244738599,-1.2198648216881367
100%,32,35,5.598023296145878,-0.6637308565548953
