model,n_dims,mean_L,sd_L
esm2,1280,0.03816094249486923,0.1531447023153305
rita,1536,0.003926421981304884,0.04875488206744194
