layer,rel_depth,d_struct_val,d_seq_val
0,0.0%,-0.18074834263873582,-0.5027420925208497
3,13.0%,-0.27795161306793553,-2.437624256009909
6,26.1%,-0.2422003121599342,-1.5011901895048565
9,39.1%,-0.06719441773655101,-1.3030274251457394
12,52.2%,0.29417478829437144,0.22889176034486075
15,65.2%,0.3057441263706492,1.7792382369147508
18,78.3%,0.35166515337430426,1.2801128953282699
21,91.3%,0.4900908771653752,-0.49106135028801673
23,100.0%,0.29702356390239315,1.896345815989433
