rel_depth,esm_layer,rita_layer,d_struct_val,d_seq_val
0%,0,0,0.7798748804758447,-1.4715036840401983
13%,4,3,0.05549383869305287,0.06863588477039495
25%,8,6,0.21087641098628745,-0.28067975532580436
38%,12,9,0.29765474891732874,-1.2927941298410157
50%,16,12,0.3315086456341847,-2.2120664462570465
63%,20,15,0.27656862379813074,-2.494565033882912
75%,24,18,0.15359578823909237,-2.2904211689887144
88%,28,21,0.1999926492534192,-0.5200373311251448
100%,32,23,0.42969792823267716,0.9693670553891522
