rel_depth_pct,esm2_layer,esm2_val_ev,rita_layer,rita_val_ev
0,0,0.9419973540633066,0,0.9571224964369229
13,4,0.7176545077096118,3,0.9989126748590874
25,8,0.7076233750073544,6,0.9960295291042772
38,12,0.7475544273969141,9,0.9925562895761538
50,16,0.7168193667685607,12,0.9884888155533631
63,20,0.6921433783956579,15,0.9849807337626008
75,24,0.6661621549431984,18,0.980792783909567
88,28,0.6541388475574731,21,0.9756123443187441
100,32,0.7329770732717741,23,0.9670070234454852
